images/women/Queen_Rania.jpg,10.00000,2024-02-23 14:11:37,1
images/women/Heidi_Klum.jpg,6.20000,2024-02-23 14:11:37,1
images/women/Taylor_Swift.jpg,7.10000,2024-02-23 14:11:37,1
images/men/Chris_Hemsworth.jpg,10.00000,2024-02-23 14:11:37,1
images/men/Bill_Gates.jpg,2.70000,2024-02-23 14:11:37,1
images/men/Andrew_Tate.jpg,2.00000,2024-02-23 14:11:37,1
images/men/Tyreek_Hill.jpg,3.20000,2024-02-23 14:11:37,1
images/women/Nicki_Minaj.jpg,6.00000,2024-02-23 14:11:37,1
images/men/Benedict_Wong.jpg,2.10000,2024-02-23 14:11:37,1
images/men/Playboi_Carti.jpg,0.00000,2024-02-23 14:11:37,1
images/women/Vanessa_Kirby.jpg,6.50000,2024-02-23 14:11:37,1
images/women/Cindy_Crawford.jpg,7.70000,2024-02-23 14:11:37,1
images/men/Gavi.jpg,6.90000,2024-02-23 14:11:37,1
images/men/Anil_Kapoor.jpg,3.40000,2024-02-23 14:11:37,1
images/women/Cris_Cyborg.jpg,1.60000,2024-02-23 14:11:37,1
images/women/Naomi_Scott.jpg,7.10000,2024-02-23 14:11:37,1
images/women/Camille_Rowe.jpg,7.60000,2024-02-23 14:11:37,1
images/men/Mark_Ruffalo.jpg,10.00000,2024-02-23 14:11:37,1
images/women/Dua_Lipa.jpg,10.00000,2024-02-23 14:11:37,1
images/women/Mira_Nair.jpg,3.00000,2024-02-23 14:11:37,1
images/women/Zhang_Weili.jpg,2.60000,2024-02-23 14:11:37,1
images/women/Hailey_Baldwin.jpg,7.30000,2024-02-23 14:11:37,1
images/women/Kylie_Jenner.jpg,6.70000,2024-02-23 14:11:37,1
images/women/Daisy_Ridley.jpg,7.40000,2024-02-23 14:11:37,1
images/men/Jimmy_Carr.jpg,3.00000,2024-02-23 14:11:37,1
images/men/Willem_Dafoe.jpg,2.00000,2024-02-23 14:11:37,1
images/women/Rhea_Perlman.jpg,1.20000,2024-02-23 14:11:37,1
images/women/Rosie_Huntington-Whiteley.jpg,7.90000,2024-02-23 14:11:37,1
images/women/Sabrina_Ionescu.jpg,2.20000,2024-02-23 14:11:37,1
images/women/Kylie_Jenner.jpg,7.10000,2024-02-23 14:11:37,1
images/men/Pokelawls.jpg,1.70000,2024-02-23 14:11:37,1
images/women/Emily_Blunt.jpg,7.40000,2024-02-23 14:11:37,1
images/men/ChrisNxtDoor.jpg,3.10000,2024-02-23 14:11:37,1
images/women/Jessica_Alba.jpg,7.40000,2024-02-23 14:11:37,1
images/men/Jimin.jpg,4.40000,2024-02-23 14:11:37,1
images/men/John_Travolta.jpg,6.20000,2024-02-23 14:11:37,1
images/women/Barbra_Streisand.jpg,4.20000,2024-02-23 14:11:37,1
images/men/Duncan_Trussell.jpg,6.20000,2024-02-23 14:11:37,1
images/men/Kanye_West.jpg,0.90000,2024-02-23 14:11:37,1
images/men/John_C._Reilly.jpg,2.60000,2024-02-23 14:11:37,1
images/women/Mila_Kunis.jpg,9.50000,2024-02-23 14:11:37,1
images/men/Israel_Adesanya.jpg,3.50000,2024-02-23 14:11:37,1
images/women/Daisy_Ridley.jpg,7.40000,2024-02-23 14:11:37,1
images/women/Angela_Merkel.jpg,2.20000,2024-02-23 14:11:37,1
images/women/Cameron_Diaz.jpg,7.50000,2024-02-23 14:11:37,1
images/men/Robert_Lewandowski.jpg,7.70000,2024-02-23 14:11:37,1
images/men/Jschlatt.jpg,4.10000,2024-02-23 14:11:37,1
images/men/Rami_Malek.jpg,6.60000,2024-02-23 14:11:37,1
images/men/Ryan_Reynolds.jpg,9.10000,2024-02-23 14:11:37,1
images/women/Anna_Kendrick.jpg,6.80000,2024-02-23 14:11:37,1
images/women/Sandra_Bullock.jpg,6.20000,2024-02-23 14:11:37,1
images/men/Louis_C.K..jpg,3.20000,2024-02-23 14:11:37,1
images/women/Halle_Berry.jpg,7.60000,2024-02-23 14:11:37,1
images/women/Rosalía.jpg,6.40000,2024-02-23 14:11:37,1
images/men/Leonardo_DiCaprio.jpg,6.20000,2024-02-23 14:11:37,1
images/men/Anil_Kapoor.jpg,3.20000,2024-02-23 14:11:37,1
images/men/Lionel_Messi.jpg,6.90000,2024-02-23 14:11:37,1
images/men/Prince_Harry.jpg,6.50000,2024-02-23 14:11:37,1
images/women/Jasmine_Tookes.jpg,7.30000,2024-02-23 14:11:37,1
images/men/Jeremy_Renner.jpg,6.20000,2024-02-23 14:11:37,1
images/men/Theo_Von.jpg,7.10000,2024-02-23 14:11:37,1
images/men/Danny_Trejo.jpg,2.10000,2024-02-23 14:11:37,1
images/women/Jessica_Chastain.jpg,6.40000,2024-02-23 14:11:37,1
images/men/Macaulay_Culkin.jpg,3.40000,2024-02-23 14:11:37,1
images/men/Jimin.jpg,4.40000,2024-02-23 14:11:37,1
images/men/Chris_Williamson.jpg,7.20000,2024-02-23 14:11:37,1
images/women/Loren_Gray.jpg,7.70000,2024-02-23 14:11:37,1
images/women/Alexandra_Shipp.jpg,6.40000,2024-02-23 14:11:37,1
images/men/Bobby_Lee.jpg,3.20000,2024-02-23 14:11:37,1
images/men/Wesley_Snipes.jpg,3.30000,2024-02-23 14:11:37,1
images/men/Anthony_Edwards.jpg,3.80000,2024-02-23 14:11:37,1
images/women/Tyra_Banks.jpg,6.50000,2024-02-23 14:11:37,1
images/men/Leonardo_DiCaprio.jpg,9.00000,2024-02-23 14:11:37,1
images/men/Matthew_McConaughey.jpg,7.10000,2024-02-23 14:11:37,1
images/women/Cara_Delevingne.jpg,6.60000,2024-02-23 14:11:37,1
images/women/Misty_Copeland.jpg,8.40000,2024-02-23 14:11:37,1
images/men/Josh_Hutcherson.jpg,9.80000,2024-02-23 14:11:37,1
images/men/Miles_Teller.jpg,9.40000,2024-02-23 14:11:37,1
images/women/Zendaya.jpg,8.50000,2024-02-23 14:11:37,1
images/women/Jennifer_Aniston.jpg,9.30000,2024-02-23 14:11:37,1
images/men/Luka_Dončić.jpg,8.20000,2024-02-23 14:11:37,1
images/women/Jocelyn_Wildenstein.jpg,1.10000,2024-02-23 22:06:55,1
images/women/Ali_C._Lopez.jpg,0.40000,2024-02-23 22:34:57,1
images/men/Louis_C.K..jpg,4.00000,2024-02-24 11:49:39,1
images/women/Kaia_Gerber.jpg,7.30000,2024-02-24 22:32:38,1
images/men/Steve_Buscemi.jpg,2.20000,2024-02-24 22:33:53,1
